property_id,area,distance_ft,longitude,latitude,pb_ppm
SS-7500-N-1,North,8605,-118.186917,34.028096,62.833333333333336
SS-7500-N-2,North,9389,-118.186315,34.030191,265
SS-7500-N-3,North,10295,-118.185732,34.032634,236.66666666666666
SS-7500-N-4,North,10710,-118.185766,34.033806,290
SS-7500-N-5,North,11582,-118.184672,34.03606,611.6666666666666
SS-7500-N-6,North,12245,-118.184494,34.037893,39.666666666666664
SS-7500-N-7,North,13189,-118.183918,34.040442,136.66666666666666
SS-1M-N-1,North,13860,-118.183282,34.042216,120
SS-1M-N-2,North,14760,-118.183189,34.044725,66.5
SS-1M-N-3,North,15011,-118.182075,34.045232,195
SS-1M-N-4,North,16280,-118.182433,34.04886,135
SS-1M-N-5,North,17375,-118.180738,34.051638,71.83333333333333
SS-1M-N-6,North,18114,-118.180551,34.05368,26.666666666666668
SS-2M-N-1,North,19098,-118.179461,34.056252,490.6666666666667
SS-2M-N-2,North,19801,-118.180494,34.0584,41.666666666666664
SS-2M-N-3,North,21080,-118.173464,34.060601,61.666666666666664
SS-2M-N-4,North,21142,-118.176105,34.061369,225
SS-2M-N-5,North,21659,-118.178403,34.06326,335
SS-2M-N-6,North,22427,-118.177283,34.06522,25.666666666666668
SS-2M-N-7,North,23208,-118.17737,34.067428,215
SS-2M-N-8,North,23730,-118.176495,34.068739,123.33333333333333
SS-7500-NE-1,North,7920,-118.168771,34.013364,155
SS-7500-NE-2,North,8103,-118.167938,34.012996,820
SS-7500-NE-3,North,8442,-118.166855,34.013253,77.66666666666667
SS-7500-NE-4,North,8995,-118.164859,34.013153,446.6666666666667
SS-7500-NE-5,North,10104,-118.161887,34.015262,95
SS-7500-NE-6,North,10742,-118.15995,34.015964,318.3333333333333
SS-7500-NE-7,North,11422,-118.157646,34.016213,118.33333333333333
SS-1M-NE-1,North,12186,-118.15531,34.017025,170
SS-1M-NE-2,North,13054,-118.15262,34.017869,111.83333333333333
SS-1M-NE-3,North,13704,-118.150617,34.018523,25.5
SS-1M-NE-4,North,14492,-118.148179,34.019301,82.33333333333333
SS-1M-NE-5,North,15300,-118.14568,34.020098,94.5
SS-1M-NE-6,North,16251,-118.142806,34.021177,210
SS-2M-NE-1,North,17133,-118.140021,34.021928,68.16666666666667
SS-2M-NE-2,North,17841,-118.137822,34.022605,196.66666666666666
SS-2M-NE-3,North,18878,-118.134667,34.023746,170
SS-2M-NE-4,North,19417,-118.132843,34.023938,301.6666666666667
SS-2M-NE-5,North,20469,-118.129304,34.024338,163.33333333333334
SS-2M-NE-6,North,21503,-118.126495,34.026219,65
SS-2M-NE-7,North,22468,-118.123512,34.027171,214.66666666666666
SS-2M-NE-8,North,23452,-118.120468,34.028142,61.5
